age	sex	bmi	children	smoker	region	charges	age^2
19	female	27.9	0	yes	southwest	16884.924	361
18	male	33.77	1	no	southeast	1725.5523	324
28	male	33.0	3	no	southeast	4449.462	784
33	male	22.705	0	no	northwest	21984.47061	1089
32	male	28.88	0	no	northwest	3866.8552	1024
31	female	25.74	0	no	southeast	3756.6216	961
46	female	33.44	1	no	southeast	8240.5896	2116
37	female	27.74	3	no	northwest	7281.5056	1369
37	male	29.83	2	no	northeast	6406.4107	1369
60	female	25.84	0	no	northwest	28923.136919999997	3600
25	male	26.22	0	no	northeast	2721.3208	625
62	female	26.29	0	yes	southeast	27808.7251	3844
23	male	34.4	0	no	southwest	1826.8429999999998	529
56	female	39.82	0	no	southeast	11090.7178	3136
27	male	42.13	0	yes	southeast	39611.7577	729
19	male	24.6	1	no	southwest	1837.237	361
52	female	30.78	1	no	northeast	10797.3362	2704
23	male	23.845	0	no	northeast	2395.17155	529
56	male	40.3	0	no	southwest	10602.385	3136
30	male	35.3	0	yes	southwest	36837.467000000004	900
60	female	36.005	0	no	northeast	13228.84695	3600
30	female	32.4	1	no	southwest	4149.736	900
18	male	34.1	0	no	southeast	1137.011	324
34	female	31.92	1	yes	northeast	37701.8768	1156
37	male	28.025	2	no	northwest	6203.90175	1369
59	female	27.72	3	no	southeast	14001.1338	3481
63	female	23.085	0	no	northeast	14451.83515	3969
55	female	32.775	2	no	northwest	12268.63225	3025
23	male	17.385	1	no	northwest	2775.19215	529
31	male	36.3	2	yes	southwest	38711.0	961
22	male	35.6	0	yes	southwest	35585.576	484
18	female	26.315	0	no	northeast	2198.18985	324
19	female	28.6	5	no	southwest	4687.7970000000005	361
63	male	28.31	0	no	northwest	13770.0979	3969
28	male	36.4	1	yes	southwest	51194.55914	784
19	male	20.425	0	no	northwest	1625.43375	361
62	female	32.965	3	no	northwest	15612.19335	3844
26	male	20.8	0	no	southwest	2302.3	676
35	male	36.67	1	yes	northeast	39774.2763	1225
60	male	39.9	0	yes	southwest	48173.361	3600
24	female	26.6	0	no	northeast	3046.062	576
31	female	36.63	2	no	southeast	4949.7587	961
41	male	21.78	1	no	southeast	6272.4772	1681
37	female	30.8	2	no	southeast	6313.759	1369
38	male	37.05	1	no	northeast	6079.6715	1444
55	male	37.3	0	no	southwest	20630.28351	3025
18	female	38.665	2	no	northeast	3393.35635	324
28	female	34.77	0	no	northwest	3556.9223	784
60	female	24.53	0	no	southeast	12629.8967	3600
36	male	35.2	1	yes	southeast	38709.176	1296
18	female	35.625	0	no	northeast	2211.13075	324
21	female	33.63	2	no	northwest	3579.8287	441
48	male	28.0	1	yes	southwest	23568.272	2304
36	male	34.43	0	yes	southeast	37742.5757	1296
40	female	28.69	3	no	northwest	8059.6791	1600
58	male	36.955	2	yes	northwest	47496.49445	3364
58	female	31.825	2	no	northeast	13607.36875	3364
18	male	31.68	2	yes	southeast	34303.1672	324
53	female	22.88	1	yes	southeast	23244.7902	2809
34	female	37.335	2	no	northwest	5989.52365	1156
43	male	27.36	3	no	northeast	8606.2174	1849
25	male	33.66	4	no	southeast	4504.6624	625
64	male	24.7	1	no	northwest	30166.618169999998	4096
28	female	25.935	1	no	northwest	4133.64165	784
20	female	22.42	0	yes	northwest	14711.7438	400
19	female	28.9	0	no	southwest	1743.214	361
61	female	39.1	2	no	southwest	14235.072	3721
40	male	26.315	1	no	northwest	6389.37785	1600
40	female	36.19	0	no	southeast	5920.1041	1600
28	male	23.98	3	yes	southeast	17663.1442	784
27	female	24.75	0	yes	southeast	16577.7795	729
31	male	28.5	5	no	northeast	6799.4580000000005	961
53	female	28.1	3	no	southwest	11741.726	2809
58	male	32.01	1	no	southeast	11946.6259	3364
44	male	27.4	2	no	southwest	7726.854	1936
57	male	34.01	0	no	northwest	11356.6609	3249
29	female	29.59	1	no	southeast	3947.4131	841
21	male	35.53	0	no	southeast	1532.4697	441
22	female	39.805	0	no	northeast	2755.02095	484
41	female	32.965	0	no	northwest	6571.02435	1681
31	male	26.885	1	no	northeast	4441.21315	961
45	female	38.285	0	no	northeast	7935.29115	2025
22	male	37.62	1	yes	southeast	37165.1638	484
48	female	41.23	4	no	northwest	11033.6617	2304
37	female	34.8	2	yes	southwest	39836.519	1369
45	male	22.895	2	yes	northwest	21098.55405	2025
57	female	31.16	0	yes	northwest	43578.9394	3249
56	female	27.2	0	no	southwest	11073.176000000001	3136
46	female	27.74	0	no	northwest	8026.6666	2116
55	female	26.98	0	no	northwest	11082.5772	3025
21	female	39.49	0	no	southeast	2026.9741	441
53	female	24.795	1	no	northwest	10942.13205	2809
59	male	29.83	3	yes	northeast	30184.9367	3481
35	male	34.77	2	no	northwest	5729.0053	1225
64	female	31.3	2	yes	southwest	47291.055	4096
28	female	37.62	1	no	southeast	3766.8838	784
54	female	30.8	3	no	southwest	12105.32	2916
55	male	38.28	0	no	southeast	10226.2842	3025
56	male	19.95	0	yes	northeast	22412.6485	3136
38	male	19.3	0	yes	southwest	15820.698999999999	1444
41	female	31.6	0	no	southwest	6186.1269999999995	1681
30	male	25.46	0	no	northeast	3645.0894	900
18	female	30.115	0	no	northeast	21344.8467	324
61	female	29.92	3	yes	southeast	30942.1918	3721
34	female	27.5	1	no	southwest	5003.853	1156
20	male	28.025	1	yes	northwest	17560.37975	400
19	female	28.4	1	no	southwest	2331.519	361
26	male	30.875	2	no	northwest	3877.30425	676
29	male	27.94	0	no	southeast	2867.1196	841
63	male	35.09	0	yes	southeast	47055.5321	3969
54	male	33.63	1	no	northwest	10825.2537	2916
55	female	29.7	2	no	southwest	11881.358	3025
37	male	30.8	0	no	southwest	4646.759	1369
21	female	35.72	0	no	northwest	2404.7338	441
52	male	32.205	3	no	northeast	11488.31695	2704
60	male	28.595	0	no	northeast	30259.995560000003	3600
58	male	49.06	0	no	southeast	11381.3254	3364
29	female	27.94	1	yes	southeast	19107.7796	841
49	female	27.17	0	no	southeast	8601.3293	2401
37	female	23.37	2	no	northwest	6686.4313	1369
44	male	37.1	2	no	southwest	7740.3369999999995	1936
18	male	23.75	0	no	northeast	1705.6245	324
20	female	28.975	0	no	northwest	2257.47525	400
44	male	31.35	1	yes	northeast	39556.4945	1936
47	female	33.915	3	no	northwest	10115.00885	2209
26	female	28.785	0	no	northeast	3385.39915	676
19	female	28.3	0	yes	southwest	17081.08	361
52	female	37.4	0	no	southwest	9634.538	2704
32	female	17.765	2	yes	northwest	32734.1863	1024
38	male	34.7	2	no	southwest	6082.405	1444
59	female	26.505	0	no	northeast	12815.44495	3481
61	female	22.04	0	no	northeast	13616.3586	3721
53	female	35.9	2	no	southwest	11163.568000000001	2809
19	male	25.555	0	no	northwest	1632.56445	361
20	female	28.785	0	no	northeast	2457.21115	400
22	female	28.05	0	no	southeast	2155.6815	484
19	male	34.1	0	no	southwest	1261.442	361
22	male	25.175	0	no	northwest	2045.68525	484
54	female	31.9	3	no	southeast	27322.733860000004	2916
22	female	36.0	0	no	southwest	2166.732	484
34	male	22.42	2	no	northeast	27375.90478	1156
26	male	32.49	1	no	northeast	3490.5491	676
34	male	25.3	2	yes	southeast	18972.495	1156
29	male	29.735	2	no	northwest	18157.876	841
30	male	28.69	3	yes	northwest	20745.9891	900
29	female	38.83	3	no	southeast	5138.2567	841
46	male	30.495	3	yes	northwest	40720.55105	2116
51	female	37.73	1	no	southeast	9877.6077	2601
53	female	37.43	1	no	northwest	10959.6947	2809
19	male	28.4	1	no	southwest	1842.519	361
35	male	24.13	1	no	northwest	5125.2157	1225
48	male	29.7	0	no	southeast	7789.635	2304
32	female	37.145	3	no	northeast	6334.34355	1024
42	female	23.37	0	yes	northeast	19964.7463	1764
40	female	25.46	1	no	northeast	7077.1894	1600
44	male	39.52	0	no	northwest	6948.7008	1936
48	male	24.42	0	yes	southeast	21223.6758	2304
18	male	25.175	0	yes	northeast	15518.18025	324
30	male	35.53	0	yes	southeast	36950.2567	900
50	female	27.83	3	no	southeast	19749.383380000003	2500
42	female	26.6	0	yes	northwest	21348.706000000002	1764
18	female	36.85	0	yes	southeast	36149.4835	324
54	male	39.6	1	no	southwest	10450.552	2916
32	female	29.8	2	no	southwest	5152.134	1024
37	male	29.64	0	no	northwest	5028.1466	1369
47	male	28.215	4	no	northeast	10407.08585	2209
20	female	37.0	5	no	southwest	4830.63	400
32	female	33.155	3	no	northwest	6128.79745	1024
19	female	31.825	1	no	northwest	2719.27975	361
27	male	18.905	3	no	northeast	4827.90495	729
63	male	41.47	0	no	southeast	13405.3903	3969
49	male	30.3	0	no	southwest	8116.68	2401
18	male	15.96	0	no	northeast	1694.7964	324
35	female	34.8	1	no	southwest	5246.047	1225
24	female	33.345	0	no	northwest	2855.43755	576
63	female	37.7	0	yes	southwest	48824.45	3969
38	male	27.835	2	no	northwest	6455.86265	1444
54	male	29.2	1	no	southwest	10436.096	2916
46	female	28.9	2	no	southwest	8823.279	2116
41	female	33.155	3	no	northeast	8538.28845	1681
58	male	28.595	0	no	northwest	11735.87905	3364
18	female	38.28	0	no	southeast	1631.8212	324
22	male	19.95	3	no	northeast	4005.4225	484
44	female	26.41	0	no	northwest	7419.4779	1936
44	male	30.69	2	no	southeast	7731.4271	1936
36	male	41.895	3	yes	northeast	43753.33705	1296
26	female	29.92	2	no	southeast	3981.9768	676
30	female	30.9	3	no	southwest	5325.651	900
41	female	32.2	1	no	southwest	6775.960999999999	1681
29	female	32.11	2	no	northwest	4922.9159	841
61	male	31.57	0	no	southeast	12557.6053	3721
36	female	26.2	0	no	southwest	4883.866	1296
25	male	25.74	0	no	southeast	2137.6536	625
56	female	26.6	1	no	northwest	12044.341999999999	3136
18	male	34.43	0	no	southeast	1137.4697	324
19	male	30.59	0	no	northwest	1639.5631	361
39	female	32.8	0	no	southwest	5649.715	1521
45	female	28.6	2	no	southeast	8516.829	2025
51	female	18.05	0	no	northwest	9644.2525	2601
64	female	39.33	0	no	northeast	14901.5167	4096
19	female	32.11	0	no	northwest	2130.6759	361
48	female	32.23	1	no	southeast	8871.1517	2304
60	female	24.035	0	no	northwest	13012.20865	3600
27	female	36.08	0	yes	southeast	37133.8982	729
46	male	22.3	0	no	southwest	7147.105	2116
28	female	28.88	1	no	northeast	4337.7352	784
59	male	26.4	0	no	southeast	11743.298999999999	3481
35	male	27.74	2	yes	northeast	20984.0936	1225
63	female	31.8	0	no	southwest	13880.948999999999	3969
40	male	41.23	1	no	northeast	6610.1097	1600
20	male	33.0	1	no	southwest	1980.07	400
40	male	30.875	4	no	northwest	8162.71625	1600
24	male	28.5	2	no	northwest	3537.703	576
34	female	26.73	1	no	southeast	5002.7827	1156
45	female	30.9	2	no	southwest	8520.026	2025
41	female	37.1	2	no	southwest	7371.772	1681
53	female	26.6	0	no	northwest	10355.641	2809
27	male	23.1	0	no	southeast	2483.736	729
26	female	29.92	1	no	southeast	3392.9768	676
24	female	23.21	0	no	southeast	25081.76784	576
34	female	33.7	1	no	southwest	5012.471	1156
53	female	33.25	0	no	northeast	10564.8845	2809
32	male	30.8	3	no	southwest	5253.524	1024
19	male	34.8	0	yes	southwest	34779.615	361
42	male	24.64	0	yes	southeast	19515.5416	1764
55	male	33.88	3	no	southeast	11987.1682	3025
28	male	38.06	0	no	southeast	2689.4954	784
58	female	41.91	0	no	southeast	24227.33724	3364
41	female	31.635	1	no	northeast	7358.17565	1681
47	male	25.46	2	no	northeast	9225.2564	2209
42	female	36.195	1	no	northwest	7443.64305	1764
59	female	27.83	3	no	southeast	14001.2867	3481
19	female	17.8	0	no	southwest	1727.785	361
59	male	27.5	1	no	southwest	12333.828000000001	3481
39	male	24.51	2	no	northwest	6710.1919	1521
40	female	22.22	2	yes	southeast	19444.2658	1600
18	female	26.73	0	no	southeast	1615.7667	324
31	male	38.39	2	no	southeast	4463.2051	961
19	male	29.07	0	yes	northwest	17352.6803	361
44	male	38.06	1	no	southeast	7152.6714	1936
23	female	36.67	2	yes	northeast	38511.6283	529
33	female	22.135	1	no	northeast	5354.07465	1089
55	female	26.8	1	no	southwest	35160.13457	3025
40	male	35.3	3	no	southwest	7196.866999999999	1600
63	female	27.74	0	yes	northeast	29523.1656	3969
54	male	30.02	0	no	northwest	24476.47851	2916
60	female	38.06	0	no	southeast	12648.7034	3600
24	male	35.86	0	no	southeast	1986.9334	576
19	male	20.9	1	no	southwest	1832.094	361
29	male	28.975	1	no	northeast	4040.55825	841
18	male	17.29	2	yes	northeast	12829.4551	324
63	female	32.2	2	yes	southwest	47305.305	3969
54	male	34.21	2	yes	southeast	44260.7499	2916
27	male	30.3	3	no	southwest	4260.744000000001	729
50	male	31.825	0	yes	northeast	41097.16175	2500
55	female	25.365	3	no	northeast	13047.33235	3025
56	male	33.63	0	yes	northwest	43921.1837	3136
38	female	40.15	0	no	southeast	5400.9805	1444
51	male	24.415	4	no	northwest	11520.09985	2601
19	male	31.92	0	yes	northwest	33750.2918	361
58	female	25.2	0	no	southwest	11837.16	3364
20	female	26.84	1	yes	southeast	17085.2676	400
52	male	24.32	3	yes	northeast	24869.8368	2704
19	male	36.955	0	yes	northwest	36219.40545	361
53	female	38.06	3	no	southeast	20462.99766	2809
46	male	42.35	3	yes	southeast	46151.1245	2116
40	male	19.8	1	yes	southeast	17179.522	1600
59	female	32.395	3	no	northeast	14590.63205	3481
45	male	30.2	1	no	southwest	7441.053000000001	2025
49	male	25.84	1	no	northeast	9282.4806	2401
18	male	29.37	1	no	southeast	1719.4363	324
50	male	34.2	2	yes	southwest	42856.837999999996	2500
41	male	37.05	2	no	northwest	7265.7025	1681
50	male	27.455	1	no	northeast	9617.66245	2500
25	male	27.55	0	no	northwest	2523.1695	625
47	female	26.6	2	no	northeast	9715.841	2209
19	male	20.615	2	no	northwest	2803.69785	361
22	female	24.3	0	no	southwest	2150.469	484
59	male	31.79	2	no	southeast	12928.7911	3481
51	female	21.56	1	no	southeast	9855.1314	2601
40	female	28.12	1	yes	northeast	22331.5668	1600
54	male	40.565	3	yes	northeast	48549.17835	2916
30	male	27.645	1	no	northeast	4237.12655	900
55	female	32.395	1	no	northeast	11879.10405	3025
52	female	31.2	0	no	southwest	9625.92	2704
46	male	26.62	1	no	southeast	7742.1098	2116
46	female	48.07	2	no	northeast	9432.9253	2116
63	female	26.22	0	no	northwest	14256.1928	3969
59	female	36.765	1	yes	northeast	47896.79135	3481
52	male	26.4	3	no	southeast	25992.82104	2704
28	female	33.4	0	no	southwest	3172.018	784
29	male	29.64	1	no	northeast	20277.80751	841
25	male	45.54	2	yes	southeast	42112.2356	625
22	female	28.82	0	no	southeast	2156.7518	484
25	male	26.8	3	no	southwest	3906.127	625
18	male	22.99	0	no	northeast	1704.5681	324
19	male	27.7	0	yes	southwest	16297.846000000001	361
47	male	25.41	1	yes	southeast	21978.6769	2209
31	male	34.39	3	yes	northwest	38746.3551	961
48	female	28.88	1	no	northwest	9249.4952	2304
36	male	27.55	3	no	northeast	6746.7425	1296
53	female	22.61	3	yes	northeast	24873.3849	2809
56	female	37.51	2	no	southeast	12265.5069	3136
28	female	33.0	2	no	southeast	4349.462	784
57	female	38.0	2	no	southwest	12646.207	3249
29	male	33.345	2	no	northwest	19442.3535	841
28	female	27.5	2	no	southwest	20177.671130000002	784
30	female	33.33	1	no	southeast	4151.0287	900
58	male	34.865	0	no	northeast	11944.59435	3364
41	female	33.06	2	no	northwest	7749.1564	1681
50	male	26.6	0	no	southwest	8444.474	2500
19	female	24.7	0	no	southwest	1737.376	361
43	male	35.97	3	yes	southeast	42124.5153	1849
49	male	35.86	0	no	southeast	8124.4084	2401
27	female	31.4	0	yes	southwest	34838.873	729
52	male	33.25	0	no	northeast	9722.7695	2704
50	male	32.205	0	no	northwest	8835.26495	2500
54	male	32.775	0	no	northeast	10435.06525	2916
44	female	27.645	0	no	northwest	7421.19455	1936
32	male	37.335	1	no	northeast	4667.60765	1024
34	male	25.27	1	no	northwest	4894.7533	1156
26	female	29.64	4	no	northeast	24671.66334	676
34	male	30.8	0	yes	southwest	35491.64	1156
57	male	40.945	0	no	northeast	11566.30055	3249
29	male	27.2	0	no	southwest	2866.091	841
40	male	34.105	1	no	northeast	6600.20595	1600
27	female	23.21	1	no	southeast	3561.8889	729
45	male	36.48	2	yes	northwest	42760.5022	2025
64	female	33.8	1	yes	southwest	47928.03	4096
52	male	36.7	0	no	southwest	9144.565	2704
61	female	36.385	1	yes	northeast	48517.56315	3721
52	male	27.36	0	yes	northwest	24393.6224	2704
61	female	31.16	0	no	northwest	13429.0354	3721
56	female	28.785	0	no	northeast	11658.37915	3136
43	female	35.72	2	no	northeast	19144.57652	1849
64	male	34.5	0	no	southwest	13822.803	4096
60	male	25.74	0	no	southeast	12142.5786	3600
62	male	27.55	1	no	northwest	13937.6665	3844
50	male	32.3	1	yes	northeast	41919.097	2500
46	female	27.72	1	no	southeast	8232.6388	2116
24	female	27.6	0	no	southwest	18955.22017	576
62	male	30.02	0	no	northwest	13352.0998	3844
60	female	27.55	0	no	northeast	13217.0945	3600
63	male	36.765	0	no	northeast	13981.85035	3969
49	female	41.47	4	no	southeast	10977.2063	2401
34	female	29.26	3	no	southeast	6184.2994	1156
33	male	35.75	2	no	southeast	4889.9995	1089
46	male	33.345	1	no	northeast	8334.45755	2116
36	female	29.92	1	no	southeast	5478.0368	1296
19	male	27.835	0	no	northwest	1635.73365	361
57	female	23.18	0	no	northwest	11830.6072	3249
50	female	25.6	0	no	southwest	8932.084	2500
30	female	27.7	0	no	southwest	3554.203	900
33	male	35.245	0	no	northeast	12404.8791	1089
18	female	38.28	0	no	southeast	14133.03775	324
46	male	27.6	0	no	southwest	24603.04837	2116
46	male	43.89	3	no	southeast	8944.1151	2116
47	male	29.83	3	no	northwest	9620.3307	2209
23	male	41.91	0	no	southeast	1837.2819	529
18	female	20.79	0	no	southeast	1607.5101	324
48	female	32.3	2	no	northeast	10043.249	2304
35	male	30.5	1	no	southwest	4751.07	1225
19	female	21.7	0	yes	southwest	13844.506000000001	361
21	female	26.4	1	no	southwest	2597.779	441
21	female	21.89	2	no	southeast	3180.5101	441
49	female	30.78	1	no	northeast	9778.3472	2401
56	female	32.3	3	no	northeast	13430.265	3136
42	female	24.985	2	no	northwest	8017.06115	1764
44	male	32.015	2	no	northwest	8116.26885	1936
18	male	30.4	3	no	northeast	3481.868	324
61	female	21.09	0	no	northwest	13415.0381	3721
57	female	22.23	0	no	northeast	12029.2867	3249
42	female	33.155	1	no	northeast	7639.41745	1764
26	male	32.9	2	yes	southwest	36085.219	676
20	male	33.33	0	no	southeast	1391.5287	400
23	female	28.31	0	yes	northwest	18033.9679	529
39	female	24.89	3	yes	northeast	21659.9301	1521
24	male	40.15	0	yes	southeast	38126.2465	576
64	female	30.115	3	no	northwest	16455.70785	4096
62	male	31.46	1	no	southeast	27000.98473	3844
27	female	17.955	2	yes	northeast	15006.57945	729
55	male	30.685	0	yes	northeast	42303.69215	3025
55	male	33.0	0	no	southeast	20781.48892	3025
35	female	43.34	2	no	southeast	5846.9176	1225
44	male	22.135	2	no	northeast	8302.53565	1936
19	male	34.4	0	no	southwest	1261.859	361
58	female	39.05	0	no	southeast	11856.4115	3364
50	male	25.365	2	no	northwest	30284.642939999998	2500
26	female	22.61	0	no	northwest	3176.8159	676
24	female	30.21	3	no	northwest	4618.0799	576
48	male	35.625	4	no	northeast	10736.87075	2304
19	female	37.43	0	no	northwest	2138.0707	361
48	male	31.445	1	no	northeast	8964.06055	2304
49	male	31.35	1	no	northeast	9290.1395	2401
46	female	32.3	2	no	northeast	9411.005	2116
46	male	19.855	0	no	northwest	7526.70645	2116
43	female	34.4	3	no	southwest	8522.003	1849
21	male	31.02	0	no	southeast	16586.49771	441
64	male	25.6	2	no	southwest	14988.431999999999	4096
18	female	38.17	0	no	southeast	1631.6683	324
51	female	20.6	0	no	southwest	9264.796999999999	2601
47	male	47.52	1	no	southeast	8083.9198	2209
64	female	32.965	0	no	northwest	14692.66935	4096
49	male	32.3	3	no	northwest	10269.46	2401
31	male	20.4	0	no	southwest	3260.199	961
52	female	38.38	2	no	northeast	11396.9002	2704
33	female	24.31	0	no	southeast	4185.0979	1089
47	female	23.6	1	no	southwest	8539.671	2209
38	male	21.12	3	no	southeast	6652.5288	1444
32	male	30.03	1	no	southeast	4074.4537	1024
19	male	17.48	0	no	northwest	1621.3402	361
44	female	20.235	1	yes	northeast	19594.80965	1936
26	female	17.195	2	yes	northeast	14455.64405	676
25	male	23.9	5	no	southwest	5080.096	625
19	female	35.15	0	no	northwest	2134.9015	361
43	female	35.64	1	no	southeast	7345.7266	1849
52	male	34.1	0	no	southeast	9140.951	2704
36	female	22.6	2	yes	southwest	18608.262	1296
64	male	39.16	1	no	southeast	14418.2804	4096
63	female	26.98	0	yes	northwest	28950.4692	3969
64	male	33.88	0	yes	southeast	46889.2612	4096
61	male	35.86	0	yes	southeast	46599.1084	3721
40	male	32.775	1	yes	northeast	39125.33225	1600
25	male	30.59	0	no	northeast	2727.3951	625
48	male	30.2	2	no	southwest	8968.33	2304
45	male	24.31	5	no	southeast	9788.8659	2025
38	female	27.265	1	no	northeast	6555.07035	1444
18	female	29.165	0	no	northeast	7323.734818999999	324
21	female	16.815	1	no	northeast	3167.45585	441
27	female	30.4	3	no	northwest	18804.7524	729
19	male	33.1	0	no	southwest	23082.95533	361
29	female	20.235	2	no	northwest	4906.40965	841
42	male	26.9	0	no	southwest	5969.723000000001	1764
60	female	30.5	0	no	southwest	12638.195	3600
31	male	28.595	1	no	northwest	4243.59005	961
60	male	33.11	3	no	southeast	13919.8229	3600
22	male	31.73	0	no	northeast	2254.7967	484
35	male	28.9	3	no	southwest	5926.846	1225
52	female	46.75	5	no	southeast	12592.5345	2704
26	male	29.45	0	no	northeast	2897.3235	676
31	female	32.68	1	no	northwest	4738.2682	961
33	female	33.5	0	yes	southwest	37079.372	1089
18	male	43.01	0	no	southeast	1149.3959	324
59	female	36.52	1	no	southeast	28287.897660000002	3481
56	male	26.695	1	yes	northwest	26109.32905	3136
45	female	33.1	0	no	southwest	7345.084	2025
60	male	29.64	0	no	northeast	12730.9996	3600
56	female	25.65	0	no	northwest	11454.0215	3136
40	female	29.6	0	no	southwest	5910.944	1600
35	male	38.6	1	no	southwest	4762.329000000001	1225
39	male	29.6	4	no	southwest	7512.267	1521
30	male	24.13	1	no	northwest	4032.2407	900
24	male	23.4	0	no	southwest	1969.614	576
20	male	29.735	0	no	northwest	1769.53165	400
32	male	46.53	2	no	southeast	4686.3887	1024
59	male	37.4	0	no	southwest	21797.0004	3481
55	female	30.14	2	no	southeast	11881.9696	3025
57	female	30.495	0	no	northwest	11840.77505	3249
56	male	39.6	0	no	southwest	10601.412	3136
40	female	33.0	3	no	southeast	7682.67	1600
49	female	36.63	3	no	southeast	10381.4787	2401
42	male	30.0	0	yes	southwest	22144.032000000003	1764
62	female	38.095	2	no	northeast	15230.32405	3844
56	male	25.935	0	no	northeast	11165.41765	3136
19	male	25.175	0	no	northwest	1632.03625	361
30	female	28.38	1	yes	southeast	19521.9682	900
60	female	28.7	1	no	southwest	13224.693000000001	3600
56	female	33.82	2	no	northwest	12643.3778	3136
28	female	24.32	1	no	northeast	23288.9284	784
18	female	24.09	1	no	southeast	2201.0971	324
27	male	32.67	0	no	southeast	2497.0383	729
18	female	30.115	0	no	northeast	2203.47185	324
19	female	29.8	0	no	southwest	1744.465	361
47	female	33.345	0	no	northeast	20878.78443	2209
54	male	25.1	3	yes	southwest	25382.297000000002	2916
61	male	28.31	1	yes	northwest	28868.6639	3721
24	male	28.5	0	yes	northeast	35147.52848	576
25	male	35.625	0	no	northwest	2534.39375	625
21	male	36.85	0	no	southeast	1534.3045	441
23	male	32.56	0	no	southeast	1824.2854	529
63	male	41.325	3	no	northwest	15555.18875	3969
49	male	37.51	2	no	southeast	9304.7019	2401
18	female	31.35	0	no	southeast	1622.1885	324
51	female	39.5	1	no	southwest	9880.068000000001	2601
48	male	34.3	3	no	southwest	9563.029	2304
31	female	31.065	0	no	northeast	4347.02335	961
54	female	21.47	3	no	northwest	12475.3513	2916
19	male	28.7	0	no	southwest	1253.9360000000001	361
44	female	38.06	0	yes	southeast	48885.135610000005	1936
53	male	31.16	1	no	northwest	10461.9794	2809
19	female	32.9	0	no	southwest	1748.774	361
61	female	25.08	0	no	southeast	24513.09126	3721
18	female	25.08	0	no	northeast	2196.4732	324
61	male	43.4	0	no	southwest	12574.048999999999	3721
21	male	25.7	4	yes	southwest	17942.106	441
20	male	27.93	0	no	northeast	1967.0227	400
31	female	23.6	2	no	southwest	4931.647	961
45	male	28.7	2	no	southwest	8027.968000000001	2025
44	female	23.98	2	no	southeast	8211.1002	1936
62	female	39.2	0	no	southwest	13470.86	3844
29	male	34.4	0	yes	southwest	36197.699	841
43	male	26.03	0	no	northeast	6837.3687	1849
51	male	23.21	1	yes	southeast	22218.1149	2601
19	male	30.25	0	yes	southeast	32548.3405	361
38	female	28.93	1	no	southeast	5974.3847	1444
37	male	30.875	3	no	northwest	6796.86325	1369
22	male	31.35	1	no	northwest	2643.2685	484
21	male	23.75	2	no	northwest	3077.0955	441
24	female	25.27	0	no	northeast	3044.2133	576
57	female	28.7	0	no	southwest	11455.28	3249
56	male	32.11	1	no	northeast	11763.0009	3136
27	male	33.66	0	no	southeast	2498.4144	729
51	male	22.42	0	no	northeast	9361.3268	2601
19	male	30.4	0	no	southwest	1256.299	361
39	male	28.3	1	yes	southwest	21082.16	1521
58	male	35.7	0	no	southwest	11362.755	3364
20	male	35.31	1	no	southeast	27724.28875	400
45	male	30.495	2	no	northwest	8413.46305	2025
35	female	31.0	1	no	southwest	5240.765	1225
31	male	30.875	0	no	northeast	3857.75925	961
50	female	27.36	0	no	northeast	25656.575259999998	2500
32	female	44.22	0	no	southeast	3994.1778	1024
51	female	33.915	0	no	northeast	9866.30485	2601
38	female	37.73	0	no	southeast	5397.6167	1444
42	male	26.07	1	yes	southeast	38245.59327	1764
18	female	33.88	0	no	southeast	11482.63485	324
19	female	30.59	2	no	northwest	24059.68019	361
51	female	25.8	1	no	southwest	9861.025	2601
46	male	39.425	1	no	northeast	8342.90875	2116
18	male	25.46	0	no	northeast	1708.0014	324
57	male	42.13	1	yes	southeast	48675.5177	3249
62	female	31.73	0	no	northeast	14043.4767	3844
59	male	29.7	2	no	southeast	12925.886	3481
37	male	36.19	0	no	southeast	19214.705530000003	1369
64	male	40.48	0	no	southeast	13831.1152	4096
38	male	28.025	1	no	northeast	6067.12675	1444
33	female	38.9	3	no	southwest	5972.378000000001	1089
46	female	30.2	2	no	southwest	8825.086	2116
46	female	28.05	1	no	southeast	8233.0975	2116
53	male	31.35	0	no	southeast	27346.04207	2809
34	female	38.0	3	no	southwest	6196.448	1156
20	female	31.79	2	no	southeast	3056.3881	400
63	female	36.3	0	no	southeast	13887.204	3969
54	female	47.41	0	yes	southeast	63770.42801	2916
54	male	30.21	0	no	northwest	10231.4999	2916
49	male	25.84	2	yes	northwest	23807.2406	2401
28	male	35.435	0	no	northeast	3268.84665	784
54	female	46.7	2	no	southwest	11538.421	2916
25	female	28.595	0	no	northeast	3213.62205	625
43	female	46.2	0	yes	southeast	45863.205	1849
63	male	30.8	0	no	southwest	13390.559	3969
32	female	28.93	0	no	southeast	3972.9247	1024
62	male	21.4	0	no	southwest	12957.118	3844
52	female	31.73	2	no	northwest	11187.6567	2704
25	female	41.325	0	no	northeast	17878.900680000002	625
28	male	23.8	2	no	southwest	3847.6740000000004	784
46	male	33.44	1	no	northeast	8334.5896	2116
34	male	34.21	0	no	southeast	3935.1799	1156
35	female	34.105	3	yes	northwest	39983.42595	1225
19	male	35.53	0	no	northwest	1646.4297	361
46	female	19.95	2	no	northwest	9193.8385	2116
54	female	32.68	0	no	northeast	10923.9332	2916
27	male	30.5	0	no	southwest	2494.022	729
50	male	44.77	1	no	southeast	9058.7303	2500
18	female	32.12	2	no	southeast	2801.2588	324
19	female	30.495	0	no	northwest	2128.43105	361
38	female	40.565	1	no	northwest	6373.55735	1444
41	male	30.59	2	no	northwest	7256.7231	1681
49	female	31.9	5	no	southwest	11552.903999999999	2401
48	male	40.565	2	yes	northwest	45702.02235	2304
31	female	29.1	0	no	southwest	3761.292	961
18	female	37.29	1	no	southeast	2219.4451	324
30	female	43.12	2	no	southeast	4753.6368	900
62	female	36.86	1	no	northeast	31620.001060000002	3844
57	female	34.295	2	no	northeast	13224.05705	3249
58	female	27.17	0	no	northwest	12222.8983	3364
22	male	26.84	0	no	southeast	1664.9996	484
31	female	38.095	1	yes	northeast	58571.074479999996	961
52	male	30.2	1	no	southwest	9724.53	2704
25	female	23.465	0	no	northeast	3206.49135	625
59	male	25.46	1	no	northeast	12913.9924	3481
19	male	30.59	0	no	northwest	1639.5631	361
39	male	45.43	2	no	southeast	6356.2707	1521
32	female	23.65	1	no	southeast	17626.23951	1024
19	male	20.7	0	no	southwest	1242.816	361
33	female	28.27	1	no	southeast	4779.6023	1089
21	male	20.235	3	no	northeast	3861.20965	441
34	female	30.21	1	yes	northwest	43943.8761	1156
61	female	35.91	0	no	northeast	13635.6379	3721
38	female	30.69	1	no	southeast	5976.8311	1444
58	female	29.0	0	no	southwest	11842.442	3364
47	male	19.57	1	no	northwest	8428.0693	2209
20	male	31.13	2	no	southeast	2566.4707	400
21	female	21.85	1	yes	northeast	15359.1045	441
41	male	40.26	0	no	southeast	5709.1644	1681
46	female	33.725	1	no	northeast	8823.98575	2116
42	female	29.48	2	no	southeast	7640.3092	1764
34	female	33.25	1	no	northeast	5594.8455	1156
43	male	32.6	2	no	southwest	7441.501	1849
52	female	37.525	2	no	northwest	33471.97189	2704
18	female	39.16	0	no	southeast	1633.0444	324
51	male	31.635	0	no	northwest	9174.13565	2601
56	female	25.3	0	no	southwest	11070.535	3136
64	female	39.05	3	no	southeast	16085.1275	4096
19	female	28.31	0	yes	northwest	17468.9839	361
51	female	34.1	0	no	southeast	9283.562	2601
27	female	25.175	0	no	northeast	3558.62025	729
59	female	23.655	0	yes	northwest	25678.77845	3481
28	male	26.98	2	no	northeast	4435.0942	784
30	male	37.8	2	yes	southwest	39241.442	900
47	female	29.37	1	no	southeast	8547.6913	2209
38	female	34.8	2	no	southwest	6571.544	1444
18	female	33.155	0	no	northeast	2207.69745	324
34	female	19.0	3	no	northeast	6753.0380000000005	1156
20	female	33.0	0	no	southeast	1880.07	400
47	female	36.63	1	yes	southeast	42969.8527	2209
56	female	28.595	0	no	northeast	11658.11505	3136
49	male	25.6	2	yes	southwest	23306.547000000002	2401
19	female	33.11	0	yes	southeast	34439.8559	361
55	female	37.1	0	no	southwest	10713.643999999998	3025
30	male	31.4	1	no	southwest	3659.3459999999995	900
37	male	34.1	4	yes	southwest	40182.246	1369
49	female	21.3	1	no	southwest	9182.17	2401
18	male	33.535	0	yes	northeast	34617.84065	324
59	male	28.785	0	no	northwest	12129.61415	3481
29	female	26.03	0	no	northwest	3736.4647	841
36	male	28.88	3	no	northeast	6748.5912	1296
33	male	42.46	1	no	southeast	11326.71487	1089
58	male	38.0	0	no	southwest	11365.952	3364
44	female	38.95	0	yes	northwest	42983.4585	1936
53	male	36.1	1	no	southwest	10085.846	2809
24	male	29.3	0	no	southwest	1977.815	576
29	female	35.53	0	no	southeast	3366.6697	841
40	male	22.705	2	no	northeast	7173.35995	1600
51	male	39.7	1	no	southwest	9391.346	2601
64	male	38.19	0	no	northeast	14410.9321	4096
19	female	24.51	1	no	northwest	2709.1119	361
35	female	38.095	2	no	northeast	24915.04626	1225
39	male	26.41	0	yes	northeast	20149.3229	1521
56	male	33.66	4	no	southeast	12949.1554	3136
33	male	42.4	5	no	southwest	6666.243	1089
42	male	28.31	3	yes	northwest	32787.458589999995	1764
61	male	33.915	0	no	northeast	13143.86485	3721
23	female	34.96	3	no	northwest	4466.6214	529
43	male	35.31	2	no	southeast	18806.14547	1849
48	male	30.78	3	no	northeast	10141.1362	2304
39	male	26.22	1	no	northwest	6123.5688	1521
40	female	23.37	3	no	northeast	8252.2843	1600
18	male	28.5	0	no	northeast	1712.227	324
58	female	32.965	0	no	northeast	12430.95335	3364
49	female	42.68	2	no	southeast	9800.8882	2401
53	female	39.6	1	no	southeast	10579.711000000001	2809
48	female	31.13	0	no	southeast	8280.6227	2304
45	female	36.3	2	no	southeast	8527.532	2025
59	female	35.2	0	no	southeast	12244.531	3481
52	female	25.3	2	yes	southeast	24667.418999999998	2704
26	female	42.4	1	no	southwest	3410.324	676
27	male	33.155	2	no	northwest	4058.71245	729
48	female	35.91	1	no	northeast	26392.260290000002	2304
57	female	28.785	4	no	northeast	14394.39815	3249
37	male	46.53	3	no	southeast	6435.6237	1369
57	female	23.98	1	no	southeast	22192.43711	3249
32	female	31.54	1	no	northeast	5148.5526	1024
18	male	33.66	0	no	southeast	1136.3994	324
64	female	22.99	0	yes	southeast	27037.9141	4096
43	male	38.06	2	yes	southeast	42560.4304	1849
49	male	28.7	1	no	southwest	8703.456	2401
40	female	32.775	2	yes	northwest	40003.33225	1600
62	male	32.015	0	yes	northeast	45710.20785	3844
40	female	29.81	1	no	southeast	6500.2359	1600
30	male	31.57	3	no	southeast	4837.5823	900
29	female	31.16	0	no	northeast	3943.5954	841
36	male	29.7	0	no	southeast	4399.731	1296
41	female	31.02	0	no	southeast	6185.3208	1681
44	female	43.89	2	yes	southeast	46200.9851	1936
45	male	21.375	0	no	northwest	7222.78625	2025
55	female	40.81	3	no	southeast	12485.8009	3025
60	male	31.35	3	yes	northwest	46130.5265	3600
56	male	36.1	3	no	southwest	12363.546999999999	3136
49	female	23.18	2	no	northwest	10156.7832	2401
21	female	17.4	1	no	southwest	2585.269	441
19	male	20.3	0	no	southwest	1242.26	361
39	male	35.3	2	yes	southwest	40103.89	1521
53	male	24.32	0	no	northwest	9863.4718	2809
33	female	18.5	1	no	southwest	4766.022	1089
53	male	26.41	2	no	northeast	11244.3769	2809
42	male	26.125	2	no	northeast	7729.64575	1764
40	male	41.69	0	no	southeast	5438.7491	1600
47	female	24.1	1	no	southwest	26236.57997	2209
27	male	31.13	1	yes	southeast	34806.4677	729
21	male	27.36	0	no	northeast	2104.1134	441
47	male	36.2	1	no	southwest	8068.185	2209
20	male	32.395	1	no	northwest	2362.22905	400
24	male	23.655	0	no	northwest	2352.96845	576
27	female	34.8	1	no	southwest	3577.9990000000003	729
26	female	40.185	0	no	northwest	3201.24515	676
53	female	32.3	2	no	northeast	29186.48236	2809
41	male	35.75	1	yes	southeast	40273.6455	1681
56	male	33.725	0	no	northwest	10976.24575	3136
23	female	39.27	2	no	southeast	3500.6123	529
21	female	34.87	0	no	southeast	2020.5523	441
50	female	44.745	0	no	northeast	9541.69555	2500
53	male	41.47	0	no	southeast	9504.3103	2809
34	female	26.41	1	no	northwest	5385.3379	1156
47	female	29.545	1	no	northwest	8930.93455	2209
33	female	32.9	2	no	southwest	5375.0380000000005	1089
51	female	38.06	0	yes	southeast	44400.4064	2601
49	male	28.69	3	no	northwest	10264.4421	2401
31	female	30.495	3	no	northeast	6113.23105	961
36	female	27.74	0	no	northeast	5469.0066	1296
18	male	35.2	1	no	southeast	1727.54	324
50	female	23.54	2	no	southeast	10107.2206	2500
43	female	30.685	2	no	northwest	8310.83915	1849
20	male	40.47	0	no	northeast	1984.4533	400
24	female	22.6	0	no	southwest	2457.502	576
60	male	28.9	0	no	southwest	12146.971000000001	3600
49	female	22.61	1	no	northwest	9566.9909	2401
60	male	24.32	1	no	northwest	13112.6048	3600
51	female	36.67	2	no	northwest	10848.1343	2601
58	female	33.44	0	no	northwest	12231.6136	3364
51	female	40.66	0	no	northeast	9875.6804	2601
53	male	36.6	3	no	southwest	11264.541000000001	2809
62	male	37.4	0	no	southwest	12979.358	3844
19	male	35.4	0	no	southwest	1263.249	361
50	female	27.075	1	no	northeast	10106.13425	2500
30	female	39.05	3	yes	southeast	40932.4295	900
41	male	28.405	1	no	northwest	6664.68595	1681
29	female	21.755	1	yes	northeast	16657.71745	841
18	female	40.28	0	no	northeast	2217.6012	324
41	female	36.08	1	no	southeast	6781.3542	1681
35	male	24.42	3	yes	southeast	19361.9988	1225
53	male	21.4	1	no	southwest	10065.413	2809
24	female	30.1	3	no	southwest	4234.927	576
48	female	27.265	1	no	northeast	9447.25035	2304
59	female	32.1	3	no	southwest	14007.222	3481
49	female	34.77	1	no	northwest	9583.8933	2401
37	female	38.39	0	yes	southeast	40419.0191	1369
26	male	23.7	2	no	southwest	3484.3309999999997	676
23	male	31.73	3	yes	northeast	36189.1017	529
29	male	35.5	2	yes	southwest	44585.45587	841
45	male	24.035	2	no	northeast	8604.48365	2025
27	male	29.15	0	yes	southeast	18246.4955	729
53	male	34.105	0	yes	northeast	43254.41795	2809
31	female	26.62	0	no	southeast	3757.8448	961
50	male	26.41	0	no	northwest	8827.2099	2500
50	female	30.115	1	no	northwest	9910.35985	2500
34	male	27.0	2	no	southwest	11737.84884	1156
19	male	21.755	0	no	northwest	1627.28245	361
47	female	36.0	1	no	southwest	8556.907	2209
28	male	30.875	0	no	northwest	3062.50825	784
37	female	26.4	0	yes	southeast	19539.243000000002	1369
21	male	28.975	0	no	northwest	1906.35825	441
64	male	37.905	0	no	northwest	14210.53595	4096
58	female	22.77	0	no	southeast	11833.7823	3364
24	male	33.63	4	no	northeast	17128.42608	576
31	male	27.645	2	no	northeast	5031.26955	961
39	female	22.8	3	no	northeast	7985.815	1521
47	female	27.83	0	yes	southeast	23065.4207	2209
30	male	37.43	3	no	northeast	5428.7277	900
18	male	38.17	0	yes	southeast	36307.7983	324
22	female	34.58	2	no	northeast	3925.7582	484
23	male	35.2	1	no	southwest	2416.955	529
33	male	27.1	1	yes	southwest	19040.876	1089
27	male	26.03	0	no	northeast	3070.8087	729
45	female	25.175	2	no	northeast	9095.06825	2025
57	female	31.825	0	no	northwest	11842.62375	3249
47	male	32.3	1	no	southwest	8062.764	2209
42	female	29.0	1	no	southwest	7050.642	1764
64	female	39.7	0	no	southwest	14319.031	4096
38	female	19.475	2	no	northwest	6933.24225	1444
61	male	36.1	3	no	southwest	27941.28758	3721
53	female	26.7	2	no	southwest	11150.78	2809
44	female	36.48	0	no	northeast	12797.20962	1936
19	female	28.88	0	yes	northwest	17748.5062	361
41	male	34.2	2	no	northwest	7261.741	1681
51	male	33.33	3	no	southeast	10560.4917	2601
40	male	32.3	2	no	northwest	6986.696999999999	1600
45	male	39.805	0	no	northeast	7448.40395	2025
35	male	34.32	3	no	southeast	5934.3798	1225
53	male	28.88	0	no	northwest	9869.8102	2809
30	male	24.4	3	yes	southwest	18259.216	900
18	male	41.14	0	no	southeast	1146.7966	324
51	male	35.97	1	no	southeast	9386.1613	2601
50	female	27.6	1	yes	southwest	24520.264	2500
31	female	29.26	1	no	southeast	4350.5144	961
35	female	27.7	3	no	southwest	6414.178000000001	1225
60	male	36.955	0	no	northeast	12741.16745	3600
21	male	36.86	0	no	northwest	1917.3184	441
29	male	22.515	3	no	northeast	5209.57885	841
62	female	29.92	0	no	southeast	13457.9608	3844
39	female	41.8	0	no	southeast	5662.225	1521
19	male	27.6	0	no	southwest	1252.407	361
22	female	23.18	0	no	northeast	2731.9122	484
53	male	20.9	0	yes	southeast	21195.818	2809
39	female	31.92	2	no	northwest	7209.4918	1521
27	male	28.5	0	yes	northwest	18310.742	729
30	male	44.22	2	no	southeast	4266.1658	900
30	female	22.895	1	no	northeast	4719.52405	900
58	female	33.1	0	no	southwest	11848.141000000001	3364
33	male	24.795	0	yes	northeast	17904.52705	1089
42	female	26.18	1	no	southeast	7046.7222	1764
64	female	35.97	0	no	southeast	14313.8463	4096
21	male	22.3	1	no	southwest	2103.08	441
18	female	42.24	0	yes	southeast	38792.6856	324
23	male	26.51	0	no	southeast	1815.8759	529
45	female	35.815	0	no	northwest	7731.85785	2025
40	female	41.42	1	no	northwest	28476.734989999997	1600
19	female	36.575	0	no	northwest	2136.88225	361
18	male	30.14	0	no	southeast	1131.5066	324
25	male	25.84	1	no	northeast	3309.7926	625
46	female	30.8	3	no	southwest	9414.92	2116
33	female	42.94	3	no	northwest	6360.9936	1089
54	male	21.01	2	no	southeast	11013.7119	2916
28	male	22.515	2	no	northeast	4428.88785	784
36	male	34.43	2	no	southeast	5584.3057	1296
20	female	31.46	0	no	southeast	1877.9294	400
24	female	24.225	0	no	northwest	2842.76075	576
23	male	37.1	3	no	southwest	3597.5959999999995	529
47	female	26.125	1	yes	northeast	23401.30575	2209
33	female	35.53	0	yes	northwest	55135.402089999996	1089
45	male	33.7	1	no	southwest	7445.918000000001	2025
26	male	17.67	0	no	northwest	2680.9493	676
18	female	31.13	0	no	southeast	1621.8827	324
44	female	29.81	2	no	southeast	8219.2039	1936
60	male	24.32	0	no	northwest	12523.6048	3600
64	female	31.825	2	no	northeast	16069.08475	4096
56	male	31.79	2	yes	southeast	43813.8661	3136
36	male	28.025	1	yes	northeast	20773.62775	1296
41	male	30.78	3	yes	northeast	39597.4072	1681
39	male	21.85	1	no	northwest	6117.4945	1521
63	male	33.1	0	no	southwest	13393.756000000001	3969
36	female	25.84	0	no	northwest	5266.3656	1296
28	female	23.845	2	no	northwest	4719.73655	784
58	male	34.39	0	no	northwest	11743.9341	3364
36	male	33.82	1	no	northwest	5377.4578	1296
42	male	35.97	2	no	southeast	7160.3303	1764
36	male	31.5	0	no	southwest	4402.233	1296
56	female	28.31	0	no	northeast	11657.7189	3136
35	female	23.465	2	no	northeast	6402.29135	1225
59	female	31.35	0	no	northwest	12622.1795	3481
21	male	31.1	0	no	southwest	1526.3120000000001	441
59	male	24.7	0	no	northeast	12323.936000000002	3481
23	female	32.78	2	yes	southeast	36021.0112	529
57	female	29.81	0	yes	southeast	27533.9129	3249
53	male	30.495	0	no	northeast	10072.05505	2809
60	female	32.45	0	yes	southeast	45008.9555	3600
51	female	34.2	1	no	southwest	9872.701	2601
23	male	50.38	1	no	southeast	2438.0552	529
27	female	24.1	0	no	southwest	2974.1259999999997	729
55	male	32.775	0	no	northwest	10601.63225	3025
37	female	30.78	0	yes	northeast	37270.1512	1369
61	male	32.3	2	no	northwest	14119.62	3721
46	female	35.53	0	yes	northeast	42111.6647	2116
53	female	23.75	2	no	northeast	11729.6795	2809
49	female	23.845	3	yes	northeast	24106.91255	2401
20	female	29.6	0	no	southwest	1875.344	400
48	female	33.11	0	yes	southeast	40974.1649	2304
25	male	24.13	0	yes	northwest	15817.9857	625
25	female	32.23	1	no	southeast	18218.16139	625
57	male	28.1	0	no	southwest	10965.446000000002	3249
37	female	47.6	2	yes	southwest	46113.511	1369
38	female	28.0	3	no	southwest	7151.092	1444
55	female	33.535	2	no	northwest	12269.68865	3025
36	female	19.855	0	no	northeast	5458.04645	1296
51	male	25.4	0	no	southwest	8782.469000000001	2601
40	male	29.9	2	no	southwest	6600.361	1600
18	male	37.29	0	no	southeast	1141.4451	324
57	male	43.7	1	no	southwest	11576.13	3249
61	male	23.655	0	no	northeast	13129.60345	3721
25	female	24.3	3	no	southwest	4391.652	625
50	male	36.2	0	no	southwest	8457.818000000001	2500
26	female	29.48	1	no	southeast	3392.3652	676
42	male	24.86	0	no	southeast	5966.8874	1764
43	male	30.1	1	no	southwest	6849.026	1849
44	male	21.85	3	no	northeast	8891.1395	1936
23	female	28.12	0	no	northwest	2690.1138	529
49	female	27.1	1	no	southwest	26140.3603	2401
33	male	33.44	5	no	southeast	6653.7886	1089
41	male	28.8	1	no	southwest	6282.235	1681
37	female	29.5	2	no	southwest	6311.951999999999	1369
22	male	34.8	3	no	southwest	3443.0640000000003	484
23	male	27.36	1	no	northwest	2789.0574	529
21	female	22.135	0	no	northeast	2585.85065	441
51	female	37.05	3	yes	northeast	46255.1125	2601
25	male	26.695	4	no	northwest	4877.98105	625
32	male	28.93	1	yes	southeast	19719.6947	1024
57	male	28.975	0	yes	northeast	27218.43725	3249
36	female	30.02	0	no	northwest	5272.1758	1296
22	male	39.5	0	no	southwest	1682.5970000000002	484
57	male	33.63	1	no	northwest	11945.1327	3249
64	female	26.885	0	yes	northwest	29330.98315	4096
36	female	29.04	4	no	southeast	7243.8136	1296
54	male	24.035	0	no	northeast	10422.91665	2916
47	male	38.94	2	yes	southeast	44202.6536	2209
62	male	32.11	0	no	northeast	13555.0049	3844
61	female	44.0	0	no	southwest	13063.883	3721
43	female	20.045	2	yes	northeast	19798.05455	1849
19	male	25.555	1	no	northwest	2221.56445	361
18	female	40.26	0	no	southeast	1634.5734	324
19	female	22.515	0	no	northwest	2117.33885	361
49	male	22.515	0	no	northeast	8688.85885	2401
60	male	40.92	0	yes	southeast	48673.5588	3600
26	male	27.265	3	no	northeast	4661.28635	676
49	male	36.85	0	no	southeast	8125.7845	2401
60	female	35.1	0	no	southwest	12644.589	3600
26	female	29.355	2	no	northeast	4564.19145	676
27	male	32.585	3	no	northeast	4846.92015	729
44	female	32.34	1	no	southeast	7633.7206	1936
63	male	39.8	3	no	southwest	15170.069	3969
32	female	24.6	0	yes	southwest	17496.306	1024
22	male	28.31	1	no	northwest	2639.0429	484
18	male	31.73	0	yes	northeast	33732.6867	324
59	female	26.695	3	no	northwest	14382.70905	3481
44	female	27.5	1	no	southwest	7626.993	1936
33	male	24.605	2	no	northwest	5257.50795	1089
24	female	33.99	0	no	southeast	2473.3341	576
43	female	26.885	0	yes	northwest	21774.32215	1849
45	male	22.895	0	yes	northeast	35069.37452	2025
61	female	28.2	0	no	southwest	13041.921	3721
35	female	34.21	1	no	southeast	5245.2269	1225
62	female	25.0	0	no	southwest	13451.122	3844
62	female	33.2	0	no	southwest	13462.52	3844
38	male	31.0	1	no	southwest	5488.262	1444
34	male	35.815	0	no	northwest	4320.41085	1156
43	male	23.2	0	no	southwest	6250.435	1849
50	male	32.11	2	no	northeast	25333.33284	2500
19	female	23.4	2	no	southwest	2913.5690000000004	361
57	female	20.1	1	no	southwest	12032.326000000001	3249
62	female	39.16	0	no	southeast	13470.8044	3844
41	male	34.21	1	no	southeast	6289.7549	1681
26	male	46.53	1	no	southeast	2927.0647	676
39	female	32.5	1	no	southwest	6238.298000000001	1521
46	male	25.8	5	no	southwest	10096.97	2116
45	female	35.3	0	no	southwest	7348.142	2025
32	male	37.18	2	no	southeast	4673.3922	1024
59	female	27.5	0	no	southwest	12233.828000000001	3481
44	male	29.735	2	no	northeast	32108.662819999998	1936
39	female	24.225	5	no	northwest	8965.79575	1521
18	male	26.18	2	no	southeast	2304.0022	324
53	male	29.48	0	no	southeast	9487.6442	2809
18	male	23.21	0	no	southeast	1121.8739	324
50	female	46.09	1	no	southeast	9549.5651	2500
18	female	40.185	0	no	northeast	2217.46915	324
19	male	22.61	0	no	northwest	1628.4709	361
62	male	39.93	0	no	southeast	12982.8747	3844
56	female	35.8	1	no	southwest	11674.13	3136
42	male	35.8	2	no	southwest	7160.094	1764
37	male	34.2	1	yes	northeast	39047.285	1369
42	male	31.255	0	no	northwest	6358.77645	1764
25	male	29.7	3	yes	southwest	19933.458	625
57	male	18.335	0	no	northeast	11534.87265	3249
51	male	42.9	2	yes	southeast	47462.894	2601
30	female	28.405	1	no	northwest	4527.18295	900
44	male	30.2	2	yes	southwest	38998.546	1936
34	male	27.835	1	yes	northwest	20009.63365	1156
31	male	39.49	1	no	southeast	3875.7341	961
54	male	30.8	1	yes	southeast	41999.52	2916
24	male	26.79	1	no	northwest	12609.88702	576
43	male	34.96	1	yes	northeast	41034.2214	1849
48	male	36.67	1	no	northwest	28468.91901	2304
19	female	39.615	1	no	northwest	2730.10785	361
29	female	25.9	0	no	southwest	3353.284	841
63	female	35.2	1	no	southeast	14474.675	3969
46	male	24.795	3	no	northeast	9500.57305	2116
52	male	36.765	2	no	northwest	26467.09737	2704
35	male	27.1	1	no	southwest	4746.344	1225
51	male	24.795	2	yes	northwest	23967.38305	2601
44	male	25.365	1	no	northwest	7518.02535	1936
21	male	25.745	2	no	northeast	3279.86855	441
39	female	34.32	5	no	southeast	8596.8278	1521
50	female	28.16	3	no	southeast	10702.6424	2500
34	female	23.56	0	no	northeast	4992.3764	1156
22	female	20.235	0	no	northwest	2527.81865	484
19	female	40.5	0	no	southwest	1759.338	361
26	male	35.42	0	no	southeast	2322.6218	676
29	male	22.895	0	yes	northeast	16138.76205	841
48	male	40.15	0	no	southeast	7804.1605	2304
26	male	29.15	1	no	southeast	2902.9065	676
45	female	39.995	3	no	northeast	9704.66805	2025
36	female	29.92	0	no	southeast	4889.0368	1296
54	male	25.46	1	no	northeast	25517.11363	2916
34	male	21.375	0	no	northeast	4500.33925	1156
31	male	25.9	3	yes	southwest	19199.944	961
27	female	30.59	1	no	northeast	16796.41194	729
20	male	30.115	5	no	northeast	4915.05985	400
44	female	25.8	1	no	southwest	7624.63	1936
43	male	30.115	3	no	northwest	8410.04685	1849
45	female	27.645	1	no	northwest	28340.18885	2025
34	male	34.675	0	no	northeast	4518.82625	1156
24	female	20.52	0	yes	northeast	14571.8908	576
26	female	19.8	1	no	southwest	3378.91	676
38	female	27.835	2	no	northeast	7144.86265	1444
50	female	31.6	2	no	southwest	10118.424	2500
38	male	28.27	1	no	southeast	5484.4673	1444
27	female	20.045	3	yes	northwest	16420.49455	729
39	female	23.275	3	no	northeast	7986.47525	1521
39	female	34.1	3	no	southwest	7418.522	1521
63	female	36.85	0	no	southeast	13887.9685	3969
33	female	36.29	3	no	northeast	6551.7501	1089
36	female	26.885	0	no	northwest	5267.81815	1296
30	male	22.99	2	yes	northwest	17361.7661	900
24	male	32.7	0	yes	southwest	34472.841	576
24	male	25.8	0	no	southwest	1972.95	576
48	male	29.6	0	no	southwest	21232.182259999998	2304
47	male	19.19	1	no	northeast	8627.5411	2209
29	male	31.73	2	no	northwest	4433.3877	841
28	male	29.26	2	no	northeast	4438.2634	784
47	male	28.215	3	yes	northwest	24915.22085	2209
25	male	24.985	2	no	northeast	23241.47453	625
51	male	27.74	1	no	northeast	9957.7216	2601
48	female	22.8	0	no	southwest	8269.044	2304
43	male	20.13	2	yes	southeast	18767.7377	1849
61	female	33.33	4	no	southeast	36580.28216	3721
48	male	32.3	1	no	northwest	8765.249	2304
38	female	27.6	0	no	southwest	5383.536	1444
59	male	25.46	0	no	northwest	12124.9924	3481
19	female	24.605	1	no	northwest	2709.24395	361
26	female	34.2	2	no	southwest	3987.926	676
54	female	35.815	3	no	northwest	12495.29085	2916
21	female	32.68	2	no	northwest	26018.95052	441
51	male	37.0	0	no	southwest	8798.593	2601
22	female	31.02	3	yes	southeast	35595.5898	484
47	male	36.08	1	yes	southeast	42211.1382	2209
18	male	23.32	1	no	southeast	1711.0268	324
47	female	45.32	1	no	southeast	8569.8618	2209
21	female	34.6	0	no	southwest	2020.1770000000001	441
19	male	26.03	1	yes	northwest	16450.8947	361
23	male	18.715	0	no	northwest	21595.38229	529
54	male	31.6	0	no	southwest	9850.431999999999	2916
37	female	17.29	2	no	northeast	6877.9801	1369
46	female	23.655	1	yes	northwest	21677.28345	2116
55	female	35.2	0	yes	southeast	44423.803	3025
30	female	27.93	0	no	northeast	4137.5227	900
18	male	21.565	0	yes	northeast	13747.87235	324
61	male	38.38	0	no	northwest	12950.0712	3721
54	female	23.0	3	no	southwest	12094.478000000001	2916
22	male	37.07	2	yes	southeast	37484.4493	484
45	female	30.495	1	yes	northwest	39725.51805	2025
22	male	28.88	0	no	northeast	2250.8352	484
19	male	27.265	2	no	northwest	22493.65964	361
35	female	28.025	0	yes	northwest	20234.85475	1225
18	male	23.085	0	no	northeast	1704.70015	324
20	male	30.685	0	yes	northeast	33475.81715	400
28	female	25.8	0	no	southwest	3161.454	784
55	male	35.245	1	no	northeast	11394.06555	3025
43	female	24.7	2	yes	northwest	21880.82	1849
43	female	25.08	0	no	northeast	7325.0482	1849
22	male	52.58	1	yes	southeast	44501.3982	484
25	female	22.515	1	no	northwest	3594.17085	625
49	male	30.9	0	yes	southwest	39727.614	2401
44	female	36.955	1	no	northwest	8023.13545	1936
64	male	26.41	0	no	northeast	14394.5579	4096
49	male	29.83	1	no	northeast	9288.0267	2401
47	male	29.8	3	yes	southwest	25309.488999999998	2209
27	female	21.47	0	no	northwest	3353.4703	729
55	male	27.645	0	no	northwest	10594.50155	3025
48	female	28.9	0	no	southwest	8277.523000000001	2304
45	female	31.79	0	no	southeast	17929.303369999998	2025
24	female	39.49	0	no	southeast	2480.9791	576
32	male	33.82	1	no	northwest	4462.7218	1024
24	male	32.01	0	no	southeast	1981.5819	576
57	male	27.94	1	no	southeast	11554.2236	3249
59	male	41.14	1	yes	southeast	48970.2476	3481
36	male	28.595	3	no	northwest	6548.19505	1296
29	female	25.6	4	no	southwest	5708.866999999999	841
42	female	25.3	1	no	southwest	7045.499	1764
48	male	37.29	2	no	southeast	8978.1851	2304
39	male	42.655	0	no	northeast	5757.41345	1521
63	male	21.66	1	no	northwest	14349.8544	3969
54	female	31.9	1	no	southeast	10928.848999999998	2916
37	male	37.07	1	yes	southeast	39871.7043	1369
63	male	31.445	0	no	northeast	13974.45555	3969
21	male	31.255	0	no	northwest	1909.52745	441
54	female	28.88	2	no	northeast	12096.6512	2916
60	female	18.335	0	no	northeast	13204.28565	3600
32	female	29.59	1	no	southeast	4562.8421	1024
47	female	32.0	1	no	southwest	8551.347	2209
21	male	26.03	0	no	northeast	2102.2647	441
28	male	31.68	0	yes	southeast	34672.1472	784
63	male	33.66	3	no	southeast	15161.5344	3969
18	male	21.78	2	no	southeast	11884.04858	324
32	male	27.835	1	no	northwest	4454.40265	1024
38	male	19.95	1	no	northwest	5855.9025	1444
32	male	31.5	1	no	southwest	4076.4970000000003	1024
62	female	30.495	2	no	northwest	15019.76005	3844
39	female	18.3	5	yes	southwest	19023.26	1521
55	male	28.975	0	no	northeast	10796.35025	3025
57	male	31.54	0	no	northwest	11353.2276	3249
52	male	47.74	1	no	southeast	9748.9106	2704
56	male	22.1	0	no	southwest	10577.087	3136
47	male	36.19	0	yes	southeast	41676.0811	2209
55	female	29.83	0	no	northeast	11286.5387	3025
23	male	32.7	3	no	southwest	3591.48	529
22	female	30.4	0	yes	northwest	33907.547999999995	484
50	female	33.7	4	no	southwest	11299.343	2500
18	female	31.35	4	no	northeast	4561.1885	324
51	female	34.96	2	yes	northeast	44641.1974	2601
22	male	33.77	0	no	southeast	1674.6323	484
52	female	30.875	0	no	northeast	23045.56616	2704
25	female	33.99	1	no	southeast	3227.1211	625
33	female	19.095	2	yes	northeast	16776.30405	1089
53	male	28.6	3	no	southwest	11253.421	2809
29	male	38.94	1	no	southeast	3471.4096	841
58	male	36.08	0	no	southeast	11363.2832	3364
37	male	29.8	0	no	southwest	20420.60465	1369
54	female	31.24	0	no	southeast	10338.9316	2916
49	female	29.925	0	no	northwest	8988.15875	2401
50	female	26.22	2	no	northwest	10493.9458	2500
26	male	30.0	1	no	southwest	2904.0879999999997	676
45	male	20.35	3	no	southeast	8605.3615	2025
54	female	32.3	1	no	northeast	11512.405	2916
38	male	38.39	3	yes	southeast	41949.2441	1444
48	female	25.85	3	yes	southeast	24180.9335	2304
28	female	26.315	3	no	northwest	5312.16985	784
23	male	24.51	0	no	northeast	2396.0959	529
55	male	32.67	1	no	southeast	10807.4863	3025
41	male	29.64	5	no	northeast	9222.4026	1681
25	male	33.33	2	yes	southeast	36124.5737	625
33	male	35.75	1	yes	southeast	38282.7495	1089
30	female	19.95	3	no	northwest	5693.4305	900
23	female	31.4	0	yes	southwest	34166.273	529
46	male	38.17	2	no	southeast	8347.1643	2116
53	female	36.86	3	yes	northwest	46661.4424	2809
27	female	32.395	1	no	northeast	18903.49141	729
23	female	42.75	1	yes	northeast	40904.1995	529
63	female	25.08	0	no	northwest	14254.6082	3969
55	male	29.9	0	no	southwest	10214.636	3025
35	female	35.86	2	no	southeast	5836.5204	1225
34	male	32.8	1	no	southwest	14358.36437	1156
19	female	18.6	0	no	southwest	1728.8970000000002	361
39	female	23.87	5	no	southeast	8582.3023	1521
27	male	45.9	2	no	southwest	3693.428	729
57	male	40.28	0	no	northeast	20709.02034	3249
52	female	18.335	0	no	northwest	9991.03765	2704
28	male	33.82	0	no	northwest	19673.335730000003	784
50	female	28.12	3	no	northwest	11085.5868	2500
44	female	25.0	1	no	southwest	7623.518	1936
26	female	22.23	0	no	northwest	3176.2877	676
33	male	30.25	0	no	southeast	3704.3545	1089
19	female	32.49	0	yes	northwest	36898.73308	361
50	male	37.07	1	no	southeast	9048.0273	2500
41	female	32.6	3	no	southwest	7954.517	1681
52	female	24.86	0	no	southeast	27117.99378	2704
39	male	32.34	2	no	southeast	6338.0756	1521
50	male	32.3	2	no	southwest	9630.396999999999	2500
52	male	32.775	3	no	northwest	11289.10925	2704
60	male	32.8	0	yes	southwest	52590.82939	3600
20	female	31.92	0	no	northwest	2261.5688	400
55	male	21.5	1	no	southwest	10791.96	3025
42	male	34.1	0	no	southwest	5979.731	1764
18	female	30.305	0	no	northeast	2203.73595	324
58	female	36.48	0	no	northwest	12235.8392	3364
43	female	32.56	3	yes	southeast	40941.2854	1849
35	female	35.815	1	no	northwest	5630.45785	1225
48	female	27.93	4	no	northwest	11015.1747	2304
36	female	22.135	3	no	northeast	7228.21565	1296
19	male	44.88	0	yes	southeast	39722.7462	361
23	female	23.18	2	no	northwest	14426.07385	529
20	female	30.59	0	no	northeast	2459.7201	400
32	female	41.1	0	no	southwest	3989.841	1024
43	female	34.58	1	no	northwest	7727.2532	1849
34	male	42.13	2	no	southeast	5124.1887	1156
30	male	38.83	1	no	southeast	18963.171919999997	900
18	female	28.215	0	no	northeast	2200.83085	324
41	female	28.31	1	no	northwest	7153.5539	1681
35	female	26.125	0	no	northeast	5227.98875	1225
57	male	40.37	0	no	southeast	10982.5013	3249
29	female	24.6	2	no	southwest	4529.477	841
32	male	35.2	2	no	southwest	4670.64	1024
37	female	34.105	1	no	northwest	6112.35295	1369
18	male	27.36	1	yes	northeast	17178.6824	324
43	female	26.7	2	yes	southwest	22478.6	1849
56	female	41.91	0	no	southeast	11093.6229	3136
38	male	29.26	2	no	northwest	6457.8434	1444
29	male	32.11	2	no	northwest	4433.9159	841
22	female	27.1	0	no	southwest	2154.361	484
52	female	24.13	1	yes	northwest	23887.6627	2704
40	female	27.4	1	no	southwest	6496.8859999999995	1600
23	female	34.865	0	no	northeast	2899.48935	529
31	male	29.81	0	yes	southeast	19350.3689	961
42	female	41.325	1	no	northeast	7650.77375	1764
24	female	29.925	0	no	northwest	2850.68375	576
25	female	30.3	0	no	southwest	2632.992	625
48	female	27.36	1	no	northeast	9447.3824	2304
23	female	28.49	1	yes	southeast	18328.2381	529
45	male	23.56	2	no	northeast	8603.8234	2025
20	male	35.625	3	yes	northwest	37465.34375	400
62	female	32.68	0	no	northwest	13844.7972	3844
43	female	25.27	1	yes	northeast	21771.3423	1849
23	female	28.0	0	no	southwest	13126.67745	529
31	female	32.775	2	no	northwest	5327.40025	961
41	female	21.755	1	no	northeast	13725.47184	1681
58	female	32.395	1	no	northeast	13019.16105	3364
48	female	36.575	0	no	northwest	8671.19125	2304
31	female	21.755	0	no	northwest	4134.08245	961
19	female	27.93	3	no	northwest	18838.70366	361
19	female	30.02	0	yes	northwest	33307.5508	361
41	male	33.55	0	no	southeast	5699.8375	1681
40	male	29.355	1	no	northwest	6393.60345	1600
31	female	25.8	2	no	southwest	4934.705	961
37	male	24.32	2	no	northwest	6198.7518	1369
46	male	40.375	2	no	northwest	8733.22925	2116
22	male	32.11	0	no	northwest	2055.3249	484
51	male	32.3	1	no	northeast	9964.06	2601
18	female	27.28	3	yes	southeast	18223.4512	324
35	male	17.86	1	no	northwest	5116.5004	1225
59	female	34.8	2	no	southwest	36910.60803	3481
36	male	33.4	2	yes	southwest	38415.474	1296
37	female	25.555	1	yes	northeast	20296.86345	1369
59	male	37.1	1	no	southwest	12347.171999999999	3481
36	male	30.875	1	no	northwest	5373.36425	1296
39	male	34.1	2	no	southeast	23563.016180000002	1521
18	male	21.47	0	no	northeast	1702.4553	324
52	female	33.3	2	no	southwest	10806.839	2704
27	female	31.255	1	no	northwest	3956.07145	729
18	male	39.14	0	no	northeast	12890.05765	324
40	male	25.08	0	no	southeast	5415.6612	1600
29	male	37.29	2	no	southeast	4058.1161	841
46	female	34.6	1	yes	southwest	41661.602	2116
38	female	30.21	3	no	northwest	7537.1639	1444
30	female	21.945	1	no	northeast	4718.20355	900
40	male	24.97	2	no	southeast	6593.5083	1600
50	male	25.3	0	no	southeast	8442.667	2500
20	female	24.42	0	yes	southeast	26125.674769999998	400
41	male	23.94	1	no	northeast	6858.4796	1681
33	female	39.82	1	no	southeast	4795.6568	1089
38	male	16.815	2	no	northeast	6640.54485	1444
42	male	37.18	2	no	southeast	7162.0122	1764
56	male	34.43	0	no	southeast	10594.2257	3136
58	male	30.305	0	no	northeast	11938.25595	3364
52	male	34.485	3	yes	northwest	60021.39897	2704
20	female	21.8	0	yes	southwest	20167.336030000002	400
54	female	24.605	3	no	northwest	12479.70895	2916
58	male	23.3	0	no	southwest	11345.518999999998	3364
45	female	27.83	2	no	southeast	8515.7587	2025
26	male	31.065	0	no	northwest	2699.56835	676
63	female	21.66	0	no	northeast	14449.8544	3969
58	female	28.215	0	no	northwest	12224.35085	3364
37	male	22.705	3	no	northeast	6985.50695	1369
25	female	42.13	1	no	southeast	3238.4357	625
52	male	41.8	2	yes	southeast	47269.85400000001	2704
64	male	36.96	2	yes	southeast	49577.6624	4096
22	female	21.28	3	no	northwest	4296.2712	484
28	female	33.11	0	no	southeast	3171.6149	784
18	male	33.33	0	no	southeast	1135.9407	324
28	male	24.3	5	no	southwest	5615.369000000001	784
45	female	25.7	3	no	southwest	9101.798	2025
33	male	29.4	4	no	southwest	6059.173000000001	1089
18	female	39.82	0	no	southeast	1633.9618	324
32	male	33.63	1	yes	northeast	37607.5277	1024
24	male	29.83	0	yes	northeast	18648.4217	576
19	male	19.8	0	no	southwest	1241.565	361
20	male	27.3	0	yes	southwest	16232.847	400
40	female	29.3	4	no	southwest	15828.821730000001	1600
34	female	27.72	0	no	southeast	4415.1588	1156
42	female	37.9	0	no	southwest	6474.013000000001	1764
51	female	36.385	3	no	northwest	11436.73815	2601
54	female	27.645	1	no	northwest	11305.93455	2916
55	male	37.715	3	no	northwest	30063.58055	3025
52	female	23.18	0	no	northeast	10197.7722	2704
32	female	20.52	0	no	northeast	4544.2348	1024
28	male	37.1	1	no	southwest	3277.1609999999996	784
41	female	28.05	1	no	southeast	6770.1925	1681
43	female	29.9	1	no	southwest	7337.7480000000005	1849
49	female	33.345	2	no	northeast	10370.91255	2401
64	male	23.76	0	yes	southeast	26926.5144	4096
55	female	30.5	0	no	southwest	10704.47	3025
24	male	31.065	0	yes	northeast	34254.05335	576
20	female	33.3	0	no	southwest	1880.487	400
45	male	27.5	3	no	southwest	8615.3	2025
26	male	33.915	1	no	northwest	3292.52985	676
25	female	34.485	0	no	northwest	3021.80915	625
43	male	25.52	5	no	southeast	14478.33015	1849
35	male	27.61	1	no	southeast	4747.0529	1225
26	male	27.06	0	yes	southeast	17043.3414	676
57	male	23.7	0	no	southwest	10959.33	3249
22	female	30.4	0	no	northeast	2741.948	484
32	female	29.735	0	no	northwest	4357.04365	1024
39	male	29.925	1	yes	northeast	22462.04375	1521
25	female	26.79	2	no	northwest	4189.1131	625
48	female	33.33	0	no	southeast	8283.6807	2304
47	female	27.645	2	yes	northwest	24535.69855	2209
18	female	21.66	0	yes	northeast	14283.4594	324
18	male	30.03	1	no	southeast	1720.3537	324
61	male	36.3	1	yes	southwest	47403.88	3721
47	female	24.32	0	no	northeast	8534.6718	2209
28	female	17.29	0	no	northeast	3732.6251	784
36	female	25.9	1	no	southwest	5472.4490000000005	1296
20	male	39.4	2	yes	southwest	38344.566	400
44	male	34.32	1	no	southeast	7147.4728	1936
38	female	19.95	2	no	northeast	7133.9025	1444
19	male	34.9	0	yes	southwest	34828.654	361
21	male	23.21	0	no	southeast	1515.3449	441
46	male	25.745	3	no	northwest	9301.89355	2116
58	male	25.175	0	no	northeast	11931.12525	3364
20	male	22.0	1	no	southwest	1964.78	400
18	male	26.125	0	no	northeast	1708.92575	324
28	female	26.51	2	no	southeast	4340.4409	784
33	male	27.455	2	no	northwest	5261.46945	1089
19	female	25.745	1	no	northwest	2710.82855	361
45	male	30.36	0	yes	southeast	62592.87309	2025
62	male	30.875	3	yes	northwest	46718.16325	3844
25	female	20.8	1	no	southwest	3208.7870000000003	625
43	male	27.8	0	yes	southwest	37829.7242	1849
42	male	24.605	2	yes	northeast	21259.37795	1764
24	female	27.72	0	no	southeast	2464.6188	576
29	female	21.85	0	yes	northeast	16115.3045	841
32	male	28.12	4	yes	northwest	21472.4788	1024
25	female	30.2	0	yes	southwest	33900.653	625
41	male	32.2	2	no	southwest	6875.960999999999	1681
42	male	26.315	1	no	northwest	6940.90985	1764
33	female	26.695	0	no	northwest	4571.41305	1089
34	male	42.9	1	no	southwest	4536.259	1156
19	female	34.7	2	yes	southwest	36397.576	361
30	female	23.655	3	yes	northwest	18765.87545	900
18	male	28.31	1	no	northeast	11272.331390000001	324
19	female	20.6	0	no	southwest	1731.6770000000001	361
18	male	53.13	0	no	southeast	1163.4627	324
35	male	39.71	4	no	northeast	19496.71917	1225
39	female	26.315	2	no	northwest	7201.70085	1521
31	male	31.065	3	no	northwest	5425.02335	961
62	male	26.695	0	yes	northeast	28101.33305	3844
62	male	38.83	0	no	southeast	12981.3457	3844
42	female	40.37	2	yes	southeast	43896.3763	1764
31	male	25.935	1	no	northwest	4239.89265	961
61	male	33.535	0	no	northeast	13143.33665	3721
42	female	32.87	0	no	northeast	7050.0213	1764
51	male	30.03	1	no	southeast	9377.9047	2601
23	female	24.225	2	no	northeast	22395.74424	529
52	male	38.6	2	no	southwest	10325.206	2704
57	female	25.74	2	no	southeast	12629.1656	3249
23	female	33.4	0	no	southwest	10795.937329999999	529
52	female	44.7	3	no	southwest	11411.685	2704
50	male	30.97	3	no	northwest	10600.5483	2500
18	female	31.92	0	no	northeast	2205.9808	324
18	female	36.85	0	no	southeast	1629.8335	324
21	female	25.8	0	no	southwest	2007.945	441
61	female	29.07	0	yes	northwest	29141.3603	3721
